<root>
	
	<lib name="createOperationForMachine" source="clCreateOperationForMachine.dll" path="./Methods/"/>
	<lib name="ExportToExcel" source="clExportToExcel.dll" path="./Methods/"/>
	
	<lib name="continueForMachine" source="clContinueForMachine.dll" path="./Methods/"/>	
	<lib name="pauseForMachine" source="clPauseForMachine.dll" path="./Methods/"/>
	<lib name="runForMachine" source="clRunForMachine.dll" path="./Methods/"/>
	
	<lib name="openLinkedDoc" source="clOpenLinkedDoc.dll" path="./Methods/"/>
	<lib name="saveLinkedDoc" source="clSaveLinkedDoc.dll" path="./Methods/"/>
	
	<lib name="createQrCodeOfObject" source="clCreateQrCodeOfObject.dll" path="./Methods/"/>
	<lib name="showQrCodeOfObject" source="clShowQrCodeOfObject.dll" path="./Methods/"/>
</root>