<root>
	<process name="clLoggingServer.exe" number="1">
		<command>C:\TEMP\2UV_Framework\TESTPROJECT\#LogServer\BINDIR\clLoggingServer.exe</command>
		<arg>C:\TEMP\2UV_Framework\TESTPROJECT\#LogServer\BINDIR\clLogginServer.xml</arg>
		<working_dir>C:\TEMP\2UV_Framework\TESTPROJECT\#LogServer\BINDIR</working_dir>
	</process>
	<process name="2UVServer.exe" number="2">
		<command>C:\TEMP\2UV_Framework\TESTPROJECT\#Server\BINDIR\2UVServer.exe</command>
		<arg>C:\TEMP\2UV_Framework\TESTPROJECT\#Server\BINDIR\ServerConfiguration.xml</arg>	
		<working_dir>C:\TEMP\2UV_Framework\TESTPROJECT\#Server\BINDIR</working_dir>
	</process>	
	<process name="2UVCycleBuilder.exe" number="2">
		<command>C:\TEMP\2UV_Framework\TESTPROJECT\#CycleBuilder\BINDIR\2UVCycleBuilder.exe</command>
		<arg></arg>	
		<working_dir>C:\TEMP\2UV_Framework\TESTPROJECT\#CycleBuilder\BINDIR</working_dir>
	</process>		
	<process name="DatabaseEditor.exe" number="2">
		<command>C:\TEMP\2UV_Framework\TESTPROJECT\#DatabaseEditor\BINDIR\DatabaseEditor.exe</command>
		<arg>C:\TEMP\2UV_Framework\TESTPROJECT\#DatabaseEditor\BINDIR\DatabaseConfig.xml</arg>	
		<working_dir>C:\TEMP\2UV_Framework\TESTPROJECT\#DatabaseEditor\BINDIR</working_dir>
	</process>			
	<process name="2UVServerTest.exe" number="2">
		<command>C:\TEMP\2UV_Framework\TESTPROJECT\#ServerTest\BINDIR\2UVServerTest.exe</command>
		<arg>C:\TEMP\2UV_Framework\TESTPROJECT\#ServerTest\BINDIR\config.client.Server</arg>	
		<working_dir>C:\TEMP\2UV_Framework\TESTPROJECT\#ServerTest\BINDIR</working_dir>
	</process>				
</root>