<DATABASE>
	<USERNAME value="poststress"/>
	<PASSWORD value="mnsbuldog"/>
	<DATABASENAME value="DB_TESTPROJECT"/>
	<HOSTADRESS value="127.0.0.1"/>
	<PORT value="5432"/>
	<!-- DATABASETECH (kind of database) -->
	<!-- 1 = POSTGRES -->
	<!-- 2 = MYSQL -->
	<!-- 3 = ORACLE -->
	<!-- ... -->	
	<DATABASETECH value="1"/>

	<!-- Database configuration path -->
	<DATABASE_CONFIG_PATH value="C:\TEMP\2UV_Framework\TESTPROJECT\#Server\DatabaseStructure.xml"/>
	
	<FILE_STRUCTURE value="D:\FILE_LOCATION\"/>
	<APP_STRUCTURE value="C:\TEMP\2UV_Framework\TESTPROJECT\"/>	
	
</DATABASE>