<DatabaseEditor>
  <TABLES>
    <!-- Max table name lenght is 32 char (if postgress not recompiled to more) -->
    <!--
    CREATE TABLE equipment(
    equip_id uuid PRIMARY KEY
    DEFAULT uuid_generate_v1() ,
    equip_name varchar(255));
    -->
    <TABLE name="EMPLOYEE">
      <!-- name: Capital letters, no spaces -->
      <!-- alias: Allows spaces, small letters, capital letters -->
      <!-- extra: when sql known for postgress or other languages this contains additional information for example not null -->
      <!-- reference: defines if it is a reference to an other table -->
      <!-- type: supported by our system: -->
      <!-- ->'' -->
      <!-- ->'' -->
      <!-- ->'' -->
      <!-- ->'' -->
      <!-- ->'' -->
      <!-- ->'' -->
      <!-- ->'' -->
      <!-- ->'' -->
      <!-- ->'' -->
      <!-- ->'' -->
      <!-- ->'' -->
      <!-- ->'' -->

      <COLUMN name="ID" alias="ID" type="uuid" extra="PRIMARY KEY DEFAULT uuid_generate_v1()" reference="no"></COLUMN>
      <COLUMN name="NAME" alias="Name" type="varchar(64)" extra="" reference="no"></COLUMN>
      <COLUMN name="CUSTOMERS" alias="Serves customers" type="uuid[]" extra="" reference="CUSTOMER"></COLUMN>
      <COLUMN name="CHEF" alias="Works for" type="uuid" extra="" reference="EMPLOYEE"></COLUMN>
      <!-- returnType: -->
      <!-- -> string: returns string -->
      <!-- -> int: returns integer -->
      <!-- source: -->
      <!-- -> PYTHON: calls a python script -->
      <!-- -> DLL: calls a dll -->
      <ACTION name="ADD_CUSTOMER" alias="Adding a customer" source="PYTHON" sourcename="ADD_CUSTOMER.PY" returnType="integer"></ACTION>
      <ACTION name="LINK_EMPLOYEE" alias="Link an employee" source="DLL" sourcenam="LINK_EMPLOYEE.DLL" returnType="string"></ACTION>
    </TABLE>
    <TABLE name="CUSTOMER">
      <COLUMN name="ID" alias="ID" type="uuid" extra="PRIMARY KEY DEFAULT uuid_generate_v1()" reference="no"></COLUMN>
      <COLUMN name="NAME" alias="Name" type="varchar(255)" extra="" reference="no"></COLUMN>    
    </TABLE>
  </TABLES>
</DatabaseEditor>